title,firstname,surname,address1,address2,postcode,country,telephone,email,sortcode,accountnumber
Mr,John,Adam,39 Chamberlain Avenue,Gosport,GO6 8CH,United Kingdom,07720 900488,john.adam@email.com,775329,25489143
Mrs,Mary,Albert,5 Addley Lane,Gosport,GO2 1AD,United Kingdom,07719 900308,mary.albert@email.com,327316,17585486
Mr,William,Alexander,45 O dowd Street,Brent,BR7 2O,United Kingdom,07758 900689,william.alexander@email.com,417730,73797514
Ms,Anna,Anderson,42 Betts Lane,Tandridge,TA8 3BE,United Kingdom,07744 900108,anna.anderson@email.com,759765,97109006
Mr,James,Andrews,15 Pritchard Street,Waveney,WA1 8PR,United Kingdom,07782 900225,james.andrews@email.com,276486,84673405
Mrs,Emma,Ashcroft,65 Fearon Avenue,Crawley,CR11 5FE,United Kingdom,07751 900953,emma.ashcroft@email.com,910578,68688545
Mr,Charles,Bailey,29 Pritchard Street,Portsmouth,PO9 6PR,United Kingdom,07709 900959,charles.bailey@email.com,510643,24948585
Ms,Elizabeth,Bainbridge,21 Nugent Lane,Milton Keynes,MI5 8NU,United Kingdom,07730 900093,elizabeth.bainbridge@email.com,407864,68491352
Mr,George,Bale,6 Dreyer Lane,Greenwich,GR13 3DR,United Kingdom,07736 900600,george.bale@email.com,511772,14274943
Mrs,Minnie,Ball,79 Banner Avenue,Kensington,KE8 3BA,United Kingdom,07736 900653,minnie.ball@email.com,342406,91356037
Mr,Frank,Barnard,8 Large Street,Elmbridge,EL5 1LA,United Kingdom,07712 900499,frank.barnard@email.com,522857,32595443
Ms,Margaret,Barnes,43 Vardy Avenue,Islington,IS3 6VA,United Kingdom,07768 900957,margaret.barnes@email.com,473711,56545667
Mr,Joseph,Barnett,65 Rixon Street,Stroud,ST3 1RI,United Kingdom,07772 900504,joseph.barnett@email.com,635994,35623317
Mrs,Ida,Beattie,37 Niles Street,Basingstoke,BA13 2NI,United Kingdom,07720 900630,ida.beattie@email.com,511191,69089341
Mr,Thomas,Chance,41 Atherley Avenue,Islington,IS2 8AT,United Kingdom,07749 900034,thomas.chance@email.com,905185,29130700
Ms,Alice,Clark,63 Edmunds Lane,West Devon,WE2 2ED,United Kingdom,07750 900646,alice.clark@email.com,490444,97320602
Mr,Henry,Clegg,95 Eyres Street,Oxford,OX5 5EY,United Kingdom,07781 900609,henry.clegg@email.com,443930,44920065
Mrs,Bertha,Collins,39 Arkins Lane,Woking,WO11 2AR,United Kingdom,07773 900512,bertha.collins@email.com,818668,42842323
Mr,Robert,Copeland,48 Wong Road,Norfolk,NO7 7WO,United Kingdom,07729 900375,robert.copeland@email.com,907006,62517091
Ms,Sarah,Cowell,19 Leahy Road,Runnymede,RU1 2LE,United Kingdom,07785 900341,sarah.cowell@email.com,337540,51410433
Mr,Edward,Crosby,54 Elleray Road,Havering,HA1 3EL,United Kingdom,07781 900308,edward.crosby@email.com,248090,91499141
Mrs,Annie,Cummings,14 Gaffney Lane,Wandsworth,WA2 4GA,United Kingdom,07714 900772,annie.cummings@email.com,610117,34903450
Mr,Harry,Davidson,71 Burt Avenue,South Bucks,SO12 4BU,United Kingdom,07774 900996,harry.davidson@email.com,719467,39109249
Ms,Clara,Deeley,53 Whittley Lane,Waveney,WA3 5WH,United Kingdom,07701 900007,clara.deeley@email.com,666422,67229683
Mr,Walter,Dexter,23 O neal Road,Newham,NE14 4O,United Kingdom,07776 900948,walter.dexter@email.com,863734,54972101
Mrs,Ella,Donaldson,20 Mathers Lane,Milton Keynes,MI10 4MA,United Kingdom,07715 900350,ella.donaldson@email.com,307977,43917693
Mr,Arthur,Easton,44 Elworthy Lane,Gravesham,GR9 1EL,United Kingdom,07728 900400,arthur.easton@email.com,324184,95784843
Ms,Florence,Eccles,25 Butter Street,Aylesbury Vale,AY14 8BU,United Kingdom,07730 900381,florence.eccles@email.com,267230,69738260
Mr,Fred,Eddison,85 Ullman Avenue,Horsham,HO14 5UL,United Kingdom,07740 900394,fred.eddison@email.com,457151,93767661
Mrs,Cora,Edmond,3 Harness Road,St Edmundsbury,ST8 4HA,United Kingdom,07733 900412,cora.edmond@email.com,737654,95529668
Mr,Albert,Eldridge,67 Cotton Crescent,Aylesbury Vale,AY6 3CO,United Kingdom,07790 900629,albert.eldridge@email.com,242130,75319156
Ms,Martha,Elliot,14 Heywood Road,Dartford,DA3 3HE,United Kingdom,07773 900382,martha.elliot@email.com,398151,49791044
Mr,Samuel,Emerson,3 Depp Lane,St Edmundsbury,ST11 8DE,United Kingdom,07786 900568,samuel.emerson@email.com,978633,41298511
Mrs,Laura,Fairclough,81 Umney Road,Winchester,WI9 3UM,United Kingdom,07790 900467,laura.fairclough@email.com,412600,29508831
Mr,David,Farrow,17 Rickards Avenue,Sutton,SU3 6RI,United Kingdom,07759 900484,david.farrow@email.com,790809,89742130
Ms,Nellie,Faulkner,72 Fowley Lane,New Forest,NE10 6FO,United Kingdom,07703 900253,nellie.faulkner@email.com,720738,50495726
Mr,Louis,Fielding,23 Kamara Road,Hastings,HA14 5KA,United Kingdom,07769 900891,louis.fielding@email.com,578624,39307949
Mrs,Grace,Fitzpatrick,59 Sanders Street,Mid Suffolk,MI9 5SA,United Kingdom,07767 900893,grace.fitzpatrick@email.com,961880,44878962
Mr,Joe,Forrester,28 Thompson Avenue,Basingstoke,BA9 4TH,United Kingdom,07763 900395,joe.forrester@email.com,268625,37998032
Ms,Carrie,Frazer,56 Leary Avenue,Lewisham,LE11 6LE,United Kingdom,07766 900804,carrie.frazer@email.com,478296,46150877
Mr,Charlie,Frederick,66 Cormack Crescent,Hastings,HA3 3CO,United Kingdom,07742 900337,charlie.frederick@email.com,268834,50265881
Mrs,Maude,Garner,5 Peters Crescent,Spelthorne,SP10 1PE,United Kingdom,07793 900480,maude.garner@email.com,652023,34200311
Mr,Clarence,Gemmell,14 Worth Avenue,Shepway,SH2 5WO,United Kingdom,07782 900461,clarence.gemmell@email.com,413106,44798132
Ms,Mabel,Gillespie,80 Whalley Lane,Southwark,SO3 1WH,United Kingdom,07753 900958,mabel.gillespie@email.com,644047,31449181
Mr,Richard,Glass,7 Tellis Crescent,Cherwell,CH10 5TE,United Kingdom,07757 900081,richard.glass@email.com,668546,62543592
Mrs,Bessie,Goldberg,52 Rudd Avenue,Enfield,EN9 5RU,United Kingdom,07729 900471,bessie.goldberg@email.com,932808,21104394
Mr,Andrew,Graham,77 Freight Crescent,Winchester,WI12 6FR,United Kingdom,07717 900599,andrew.graham@email.com,287372,70306247
Ms,Jennie,Greenwood,10 Beamish Street,Ealing,EA10 7BE,United Kingdom,07767 900615,jennie.greenwood@email.com,303454,70274166
Mr,Daniel,Hackett,69 Dolton Road,Hart,HA14 4DO,United Kingdom,07717 900891,daniel.hackett@email.com,249359,55843495
Mrs,Gertrude,Hamilton,80 Ramsay Road,Brent,BR3 5RA,United Kingdom,07726 900176,gertrude.hamilton@email.com,330069,19815728
Mr,Ernest,Hardy,61 Knightley Crescent,Cotswold,CO5 3KN,United Kingdom,07766 900435,ernest.hardy@email.com,691572,54306946
Ms,Julia,Hennessy,50 Coward Crescent,St Edmundsbury,ST4 8CO,United Kingdom,07706 900043,julia.hennessy@email.com,989380,30606282
Mr,Will,Higgs,59 Docker Lane,Mole Valley,MO4 8DO,United Kingdom,07776 900610,will.higgs@email.com,449368,38286175
Mrs,Hattie,Hodges,61 Panesar Avenue,Woking,WO8 6PA,United Kingdom,07711 900086,hattie.hodges@email.com,727576,78113716
Mr,Jesse,Holmes,25 Liddell Avenue,Hastings,HA10 8LI,United Kingdom,07732 900114,jesse.holmes@email.com,685887,16259534
Ms,Edith,Howard,87 Depp Lane,Basingstoke,BA7 3DE,United Kingdom,07705 900171,edith.howard@email.com,407633,86852548
Mr,Oscar,Ingham,55 Purvis Street,Enfield,EN6 3PU,United Kingdom,07715 900018,oscar.ingham@email.com,281964,53814709
Mrs,Mattie,Irwin,21 Garvey Lane,Waveney,WA14 5GA,United Kingdom,07751 900681,mattie.irwin@email.com,369609,19961484
Mr,Lewis,James,54 Ireland Avenue,Lewes,LE7 7IR,United Kingdom,07701 900409,lewis.james@email.com,408683,91129515
Ms,Rose,Jennings,38 Stanford Lane,Gravesham,GR9 4ST,United Kingdom,07718 900155,rose.jennings@email.com,998120,99894707
Mr,Peter,Johnson,47 Ebden Crescent,Sevenoaks,SE7 6EB,United Kingdom,07732 900000,peter.johnson@email.com,805538,57215803
Mrs,Catherine,Kane,44 Ansell Crescent,Woking,WO3 2AN,United Kingdom,07727 900144,catherine.kane@email.com,558424,19247403
Mr,Benjamin,Keane,54 Ferns Avenue,Barnet,BA5 4FE,United Kingdom,07704 900922,benjamin.keane@email.com,404359,31049360
Ms,Lillian,Kemp,82 Hills Crescent,Christchurch,CH12 7HI,United Kingdom,07777 900122,lillian.kemp@email.com,682485,72909590
Mr,Frederick,Lennox,66 Ingleby Lane,Ipswich,IP12 3IN,United Kingdom,07708 900569,frederick.lennox@email.com,251058,57756208
Mrs,Ada,Linford,92 Saleh Avenue,Swale,SW8 1SA,United Kingdom,07771 900437,ada.linford@email.com,796393,21683574
Mr,Willie,Marlow,91 Charnock Crescent,Redbridge,RE13 6CH,United Kingdom,07797 900194,willie.marlow@email.com,974373,93761871
Ms,Lillie,Matthews,56 Otten Crescent,Eastleigh,EA10 5OT,United Kingdom,07755 900691,lillie.matthews@email.com,487926,18557421
Mr,Alfred,Millett,50 Freeman Crescent,Haringey,HA4 4FR,United Kingdom,07769 900835,alfred.millett@email.com,832768,77626605
Mrs,Helen,Milner,4 Strachan Street,Guildford,GU3 8ST,United Kingdom,07758 900475,helen.milner@email.com,374785,50210965
Mr,Sam,Morrison,9 O driscoll Road,Rother,RO2 5O,United Kingdom,07777 900737,sam.morrison@email.com,346775,50123042
Ms,Jessie,Osborne,15 Pavot Crescent,Hammersmith,HA3 6PA,United Kingdom,07763 900689,jessie.osborne@email.com,464249,54925972
Mr,Roy,Oxley,28 Woodward Crescent,Haringey,HA6 5WO,United Kingdom,07700 900646,roy.oxley@email.com,623677,34788117
Mrs,Louise,Parkins,52 Eastaway Lane,Haringey,HA12 6EA,United Kingdom,07773 900457,louise.parkins@email.com,316829,93464479
Mr,Herbert,Patrick,62 Armer Lane,St Edmundsbury,ST4 4AR,United Kingdom,07751 900360,herbert.patrick@email.com,393574,16159778
Ms,Ethel,Pegg,6 Plumb Street,Cotswold,CO10 4PL,United Kingdom,07772 900102,ethel.pegg@email.com,843698,84539047
Mr,Jacob,Powell,79 Grimshaw Avenue,Wandsworth,WA9 6GR,United Kingdom,07720 900366,jacob.powell@email.com,283616,77524050
Mrs,Lula,Redmond,1 Brock Street,Islington,IS4 8BR,United Kingdom,07729 900010,lula.redmond@email.com,233081,83738656
Mr,Tom,Rhodes,76 Niles Crescent,St Edmundsbury,ST9 7NI,United Kingdom,07702 900461,tom.rhodes@email.com,875620,88426538
Ms,Myrtle,Rowlands,71 Polson Street,Greenwich,GR4 7PO,United Kingdom,07794 900550,myrtle.rowlands@email.com,451375,70666336
Mr,Carl,Sampson,36 Penfold Road,Spelthorne,SP13 5PE,United Kingdom,07761 900705,carl.sampson@email.com,848302,76632396
Mrs,Eva,Seymour,51 Hussein Street,Sevenoaks,SE2 5HU,United Kingdom,07743 900215,eva.seymour@email.com,514707,27507885
Mr,Lee,Shackleton,73 Meredith Lane,Greenwich,GR9 8ME,United Kingdom,07783 900276,lee.shackleton@email.com,565122,83112496
Ms,Frances,Shipley,45 Feltham Lane,Torridge,TO4 4FE,United Kingdom,07746 900769,frances.shipley@email.com,902266,86356850
Mr,Howard,Slade,88 Anakin Street,Mid Suffolk,MI7 5AN,United Kingdom,07759 900788,howard.slade@email.com,884186,60097872
Mrs,Lena,Southgate,54 Turton Road,Aylesbury Vale,AY6 5TU,United Kingdom,07703 900886,lena.southgate@email.com,474759,63555220
Mr,Martin,Taylor,93 Furse Lane,Westminster,WE5 4FU,United Kingdom,07717 900956,martin.taylor@email.com,857883,76634689
Ms,Lucy,Tindall,45 Ibbs Crescent,East Hampshire,EA2 8IB,United Kingdom,07718 900053,lucy.tindall@email.com,729427,15996330
Mr,Michael,Tomkins,85 Paige Avenue,Lewisham,LE3 3PA,United Kingdom,07715 900302,michael.tomkins@email.com,627474,54417869
Mrs,Edna,Tomlinson,13 Duvall Street,Camden,CA10 7DU,United Kingdom,07750 900051,edna.tomlinson@email.com,694715,42840184
Mr,Bert,Trafford,56 Mansell Street,Rushmoor,RU6 2MA,United Kingdom,07709 900616,bert.trafford@email.com,524524,57674517
Ms,Maggie,Tucker,65 Travill Road,Greenwich,GR3 7TR,United Kingdom,07727 900701,maggie.tucker@email.com,415472,96801446
Mr,Herman,Upton,99 Lawrence Lane,Gosport,GO9 2LA,United Kingdom,07713 900403,herman.upton@email.com,355328,19349502
Mrs,Pearl,Vernon,44 Mistry Street,Dorset,DO12 8MI,United Kingdom,07775 900937,pearl.vernon@email.com,840638,84640701
Mr,Jim,Wainwright,50 Mellor Crescent,Runnymede,RU9 7ME,United Kingdom,07776 900403,jim.wainwright@email.com,300666,59873730
Ms,Daisy,Walton,66 Veitch Lane,Ipswich,IP1 5VE,United Kingdom,07763 900555,daisy.walton@email.com,393083,82810604
Mr,Eugene,Wells,71 Simons Avenue,Wandsworth,WA10 7SI,United Kingdom,07778 900341,eugene.wells@email.com,592603,52493950
Mrs,Fannie,Williams,28 Nurse Avenue,Mid Sussex,MI9 6NU,United Kingdom,07724 900773,fannie.williams@email.com,985970,73332604
Mr,Alex,Wright,67 Loudon Road,St Edmundsbury,ST3 1LO,United Kingdom,07765 900919,alex.wright@email.com,851750,92511476
Ms,Josephine,Yates,91 Larsen Lane,Lambeth,LA8 4LA,United Kingdom,07713 900989,josephine.yates@email.com,882001,93819442
